{
  "integrations": [
    {
      "id": "fb427fd6-f47b-478c-ac2b-dfaef5b54f9d",
      "name": "Inbound from Prometheus",
      "action": "CREATE_EVENT",
      "type": "INBOUND_WEBHOOK",
      "deployed": true,
      "form": "a7e44fd5-e4aa-40c6-85b4-3bfee459b528",
      "script": "var data = JSON.parse( request.body );\n\nproperties = {};\n\nproperties.commonAnnotations_markup = buildMarkupFromJSON( data.commonAnnotations, true );\nproperties.commonLabels_markup      = buildMarkupFromJSON( data.commonLabels, true );\n\n\nproperties.subject = '[' + data.status.toUpperCase() + ':' + data.alerts.length + '] ' + \n                     data.alerts[0].labels.alertname + ' ' + data.alerts[0].labels.service + \n                     '(' + buildMarkupFromJSON( data.alerts[0].labels, false ) + ')';\nproperties.short_description = data.alerts.length + ' firing for ' + buildMarkupFromJSON( data.groupLabels, false );\n\nproperties.alertmanager_link = data.externalURL + '/#alerts?receiver=' + data.receiver;\nproperties.source_link       = data.alerts[0].generatorURL;\nproperties.receiver          = data.receiver;\n\n\n\ntrigger.properties = properties;\ntrigger.recipients = [{ 'targetName': data.receiver }];\n\nif( data.priority )\n  trigger.priority = data.priority;\nelse if( data.commonAnnotations.priority )\n  trigger.priority = data.commonAnnotations.priority;\n\n\nform.post( trigger );\n\n\n\nfunction buildMarkupFromJSON( obj, needsHTML ) {\n\n\tvar html = '';\n\tfor( var item in obj ) {\n\t\t// Build the item/value string, and if it should be html, then add a line\n\t\thtml += item + ' = ' + obj[item] + (needsHTML ? '<br/>' : ' ' );\n\t}\n\n\treturn html;\n}",
      "environment": "HOSTED"
    }
  ],
  "endpoints": [],
  "constants": []
}