{
  "integrations": [
    {
      "id": "c257db3b-3bb5-4ce7-817a-888cea0cec3b",
      "name": "New Alert - Acknowledge",
      "action": "RUN_SCRIPT",
      "type": "OUTBOUND_WEBHOOK",
      "triggeredBy": "RESPONSE",
      "responseChoice": "Acknowledge",
      "deployed": true,
      "form": "736b5f40-3360-485a-a92a-c34074e2f1d8",
      "environment": "HOSTED",
      "authType": "NONE",
      "createdBy": "FLOW"
    },
    {
      "id": "e41205c0-962c-485a-b416-0eba7e37f256",
      "name": "New Alert - Create Silence",
      "action": "RUN_SCRIPT",
      "type": "OUTBOUND_WEBHOOK",
      "triggeredBy": "RESPONSE",
      "responseChoice": "Create Silence",
      "deployed": true,
      "form": "736b5f40-3360-485a-a92a-c34074e2f1d8",
      "environment": "HOSTED",
      "authType": "NONE",
      "createdBy": "FLOW"
    },
    {
      "id": "b94f4e04-fc62-46fb-aa66-f301133fcbaa",
      "name": "New Alert - Delete Silence",
      "action": "RUN_SCRIPT",
      "type": "OUTBOUND_WEBHOOK",
      "triggeredBy": "RESPONSE",
      "responseChoice": "Delete Silence",
      "deployed": true,
      "form": "736b5f40-3360-485a-a92a-c34074e2f1d8",
      "environment": "HOSTED",
      "authType": "NONE",
      "createdBy": "FLOW"
    },
    {
      "id": "9a4bf371-a043-4deb-89ed-ef3cc761be93",
      "name": "New Alert - Escalate",
      "action": "RUN_SCRIPT",
      "type": "OUTBOUND_WEBHOOK",
      "triggeredBy": "RESPONSE",
      "responseChoice": "Escalate",
      "deployed": true,
      "form": "736b5f40-3360-485a-a92a-c34074e2f1d8",
      "environment": "HOSTED",
      "authType": "NONE",
      "createdBy": "FLOW"
    },
    {
      "id": "36191abb-035c-448c-ab24-2bbe965c6618",
      "name": "New Alert - Prometheus - Inbound from Alertmanager",
      "action": "RUN_SCRIPT",
      "type": "INBOUND_WEBHOOK",
      "deployed": true,
      "form": "736b5f40-3360-485a-a92a-c34074e2f1d8",
      "environment": "HOSTED",
      "authType": "URL",
      "createdBy": "FLOW",
      "integrationScriptStepUuid": "227c278c-6d57-475d-a044-927fb3bd0d7f"
    }
  ],
  "endpoints": [
    {
      "name": "Alert Manager",
      "baseUrl": "http://localhost:9093/api/v2/",
      "type": "EXTERNAL",
      "authentication": "NO_AUTH"
    }
  ],
  "constants": []
}