{
  "integrations": [
    {
      "id": "a6511103-413e-403c-b628-697b8c95a1c9",
      "name": "New Alert - Acknowledge",
      "action": "RUN_SCRIPT",
      "type": "OUTBOUND_WEBHOOK",
      "triggeredBy": "RESPONSE",
      "responseChoice": "Acknowledge",
      "deployed": true,
      "form": "427243c9-2b80-4d3a-b440-47d9c0c27983",
      "environment": "HOSTED",
      "authType": "NONE",
      "createdBy": "FLOW"
    },
    {
      "id": "a7da7980-7c96-415a-853f-ffd932a3f101",
      "name": "New Alert - Create Silence",
      "action": "RUN_SCRIPT",
      "type": "OUTBOUND_WEBHOOK",
      "triggeredBy": "RESPONSE",
      "responseChoice": "Create Silence",
      "deployed": true,
      "form": "427243c9-2b80-4d3a-b440-47d9c0c27983",
      "environment": "HOSTED",
      "authType": "NONE",
      "createdBy": "FLOW"
    },
    {
      "id": "01b87dd0-4bae-4653-a5ff-495c6ade60a1",
      "name": "New Alert - Delete Silence",
      "action": "RUN_SCRIPT",
      "type": "OUTBOUND_WEBHOOK",
      "triggeredBy": "RESPONSE",
      "responseChoice": "Delete Silence",
      "deployed": true,
      "form": "427243c9-2b80-4d3a-b440-47d9c0c27983",
      "environment": "HOSTED",
      "authType": "NONE",
      "createdBy": "FLOW"
    },
    {
      "id": "d2a6451b-3019-46c1-a25f-bd848473ba96",
      "name": "New Alert - Escalate",
      "action": "RUN_SCRIPT",
      "type": "OUTBOUND_WEBHOOK",
      "triggeredBy": "RESPONSE",
      "responseChoice": "Escalate",
      "deployed": true,
      "form": "427243c9-2b80-4d3a-b440-47d9c0c27983",
      "environment": "HOSTED",
      "authType": "NONE",
      "createdBy": "FLOW"
    },
    {
      "id": "092b6c6e-39ef-4964-b49b-08ead36d3489",
      "name": "New Alert - Prometheus - Inbound from Alertmanager",
      "action": "RUN_SCRIPT",
      "type": "INBOUND_WEBHOOK",
      "deployed": true,
      "form": "427243c9-2b80-4d3a-b440-47d9c0c27983",
      "environment": "HOSTED",
      "authType": "URL",
      "createdBy": "FLOW",
      "integrationScriptStepUuid": "caf87935-1bf9-4df6-bad6-9049dff85eb9"
    }
  ],
  "endpoints": [
    {
      "name": "Alert Manager",
      "baseUrl": "http://localhost:9093/api/v2/",
      "type": "EXTERNAL",
      "authentication": "NO_AUTH"
    }
  ],
  "constants": []
}