{
  "integrations": [
    {
      "id": "c2276446-bcfb-46ba-8567-dcfd95841a39",
      "name": "New Alert - Acknowledge",
      "action": "RUN_SCRIPT",
      "type": "OUTBOUND_WEBHOOK",
      "triggeredBy": "RESPONSE",
      "responseChoice": "Acknowledge",
      "deployed": true,
      "form": "6b5174d0-bc3e-49fd-96ef-9f100bac035d",
      "environment": "HOSTED",
      "authType": "NONE",
      "createdBy": "FLOW"
    },
    {
      "id": "963ad5ef-7a43-4698-9e4e-0972c50a7705",
      "name": "New Alert - Create Silence",
      "action": "RUN_SCRIPT",
      "type": "OUTBOUND_WEBHOOK",
      "triggeredBy": "RESPONSE",
      "responseChoice": "Create Silence",
      "deployed": true,
      "form": "6b5174d0-bc3e-49fd-96ef-9f100bac035d",
      "environment": "HOSTED",
      "authType": "NONE",
      "createdBy": "FLOW"
    },
    {
      "id": "d6548893-1d5f-4ea3-ae33-0b9ed4dcdc92",
      "name": "New Alert - Delete Silence",
      "action": "RUN_SCRIPT",
      "type": "OUTBOUND_WEBHOOK",
      "triggeredBy": "RESPONSE",
      "responseChoice": "Delete Silence",
      "deployed": true,
      "form": "6b5174d0-bc3e-49fd-96ef-9f100bac035d",
      "environment": "HOSTED",
      "authType": "NONE",
      "createdBy": "FLOW"
    },
    {
      "id": "06b56fea-26a8-4a95-96c6-0191a533fed6",
      "name": "New Alert - Escalate",
      "action": "RUN_SCRIPT",
      "type": "OUTBOUND_WEBHOOK",
      "triggeredBy": "RESPONSE",
      "responseChoice": "Escalate",
      "deployed": true,
      "form": "6b5174d0-bc3e-49fd-96ef-9f100bac035d",
      "environment": "HOSTED",
      "authType": "NONE",
      "createdBy": "FLOW"
    },
    {
      "id": "e60bce7a-9509-4438-9d85-d9166b4cfb3d",
      "name": "New Alert - Prometheus - Inbound from Alertmanager",
      "action": "RUN_SCRIPT",
      "type": "INBOUND_WEBHOOK",
      "deployed": true,
      "form": "6b5174d0-bc3e-49fd-96ef-9f100bac035d",
      "environment": "HOSTED",
      "authType": "URL",
      "createdBy": "FLOW",
      "integrationScriptStepUuid": "3062c1b7-4a7d-4db4-8bcc-a5d3a8395c05"
    }
  ],
  "endpoints": [
    {
      "name": "Alert Manager",
      "baseUrl": "http://example.com",
      "type": "EXTERNAL",
      "authentication": "NO_AUTH"
    }
  ],
  "constants": []
}