{
  "integrations": [
    {
      "id": "a735af7d-ad66-4128-99b1-3d23600e32ae",
      "name": "New Alert - Acknowledge",
      "action": "RUN_SCRIPT",
      "type": "OUTBOUND_WEBHOOK",
      "triggeredBy": "RESPONSE",
      "responseChoice": "Acknowledge",
      "deployed": true,
      "form": "d69d5b03-439e-4800-a950-5c016e3a2e6f",
      "environment": "HOSTED",
      "authType": "NONE",
      "createdBy": "FLOW"
    },
    {
      "id": "ce221cf1-1a99-430a-b1f2-97b81fe2dc9f",
      "name": "New Alert - Create Silence",
      "action": "RUN_SCRIPT",
      "type": "OUTBOUND_WEBHOOK",
      "triggeredBy": "RESPONSE",
      "responseChoice": "Create Silence",
      "deployed": true,
      "form": "d69d5b03-439e-4800-a950-5c016e3a2e6f",
      "environment": "HOSTED",
      "authType": "NONE",
      "createdBy": "FLOW"
    },
    {
      "id": "00fbd462-8940-4e78-8e09-aae88b66ae0a",
      "name": "New Alert - Delete Silence",
      "action": "RUN_SCRIPT",
      "type": "OUTBOUND_WEBHOOK",
      "triggeredBy": "RESPONSE",
      "responseChoice": "Delete Silence",
      "deployed": true,
      "form": "d69d5b03-439e-4800-a950-5c016e3a2e6f",
      "environment": "HOSTED",
      "authType": "NONE",
      "createdBy": "FLOW"
    },
    {
      "id": "d419989b-ee2a-40cc-96f0-1de9f1d47d17",
      "name": "New Alert - Escalate",
      "action": "RUN_SCRIPT",
      "type": "OUTBOUND_WEBHOOK",
      "triggeredBy": "RESPONSE",
      "responseChoice": "Escalate",
      "deployed": true,
      "form": "d69d5b03-439e-4800-a950-5c016e3a2e6f",
      "environment": "HOSTED",
      "authType": "NONE",
      "createdBy": "FLOW"
    },
    {
      "id": "efbe07a5-4146-4482-bb10-548d435e9fc9",
      "name": "New Alert - Prometheus - Inbound from Alertmanager",
      "action": "RUN_SCRIPT",
      "type": "INBOUND_WEBHOOK",
      "deployed": true,
      "form": "d69d5b03-439e-4800-a950-5c016e3a2e6f",
      "environment": "HOSTED",
      "authType": "URL",
      "createdBy": "FLOW",
      "integrationScriptStepUuid": "227c278c-6d57-475d-a044-927fb3bd0d7f"
    }
  ],
  "endpoints": [
    {
      "name": "Alert Manager",
      "baseUrl": "http://localhost:9093/api/v2/",
      "type": "EXTERNAL",
      "authentication": "NO_AUTH"
    }
  ],
  "constants": []
}