[
  {
    "id": "77819608-4123-4030-b6f1-e62e29077387",
    "name": "Prometheus - Create Silence",
    "description": "Creates a silence in the Prometheus Alert Manager",
    "icon": "https://s3-xmatters-static.s3.amazonaws.com/null/customers/aa4ff4cd-06da-460c-b2d0-bb34ad66da69/IMAGE__20200423204057440__prometheus.png",
    "script": "var alertManagerRequest = http.request({\n    'endpoint': 'Alert Manager',\n    'path': 'silences',\n    'method': 'POST'\n});\n\nvar now = new Date()\nvar later = new Date(now.getTime() + input['Alert Length']*60000)\n\nvar requestBody = {};\nmatcher = {\n    'name': 'alertname',\n    'value': input['Alert Name'],\n    'isregex': false\n}\nrequestBody.matchers = [matcher]\nrequestBody.startsAt = now.toISOString()\nrequestBody.endsAt = later.toISOString()\nrequestBody.createdBy = input['Created By']\nrequestBody.comment = input['Comment']\n\nvar response = alertManagerRequest.write(requestBody);\nif (response.statusCode == 200) {\n    output['Success'] = \"true\"\n} else {\n    output['Success'] = \"false\"\n}\n ",
    "endpointLabel": "Alert Manager",
    "allowedEnvironment": "BOTH",
    "accessibleByAll": "NotShared",
    "scriptStepType": "USER",
    "inputs": [
      {
        "id": "08a8876f-4215-4fb8-a55e-47d51e85cb5b",
        "name": "Alert Name",
        "helpText": "Name of the alert in Alert Manager",
        "defaultValue": "",
        "multiline": false,
        "required": true,
        "maxLength": 2000,
        "minLength": 0,
        "position": 0
      },
      {
        "id": "7d951232-d5d8-46f9-84ca-cbcf1ec7fed8",
        "name": "Alert Length",
        "helpText": "Length of the silence in minutes",
        "defaultValue": "30",
        "multiline": false,
        "required": true,
        "maxLength": 2000,
        "minLength": 0,
        "position": 1
      },
      {
        "id": "bf0aef2e-352e-4d77-a0c7-8acf3aadd013",
        "name": "Created By",
        "helpText": "Who created the alert",
        "defaultValue": "xMatters",
        "multiline": false,
        "required": true,
        "maxLength": 2000,
        "minLength": 0,
        "position": 2
      },
      {
        "id": "f04b7454-7250-4dcc-97c8-31b104a68864",
        "name": "Comment",
        "helpText": "A comment about why this silence was created",
        "defaultValue": "",
        "multiline": false,
        "required": true,
        "maxLength": 2000,
        "minLength": 0,
        "position": 3
      }
    ],
    "outputs": [
      {
        "id": "6911c7f0-3514-4408-9c6c-876730dbff54",
        "name": "Success",
        "position": 0
      }
    ],
    "libraries": []
  },
  {
    "id": "f790d139-f2df-470e-bb7d-d7aabb6ad4f1",
    "name": "Prometheus - Delete Silence",
    "description": "",
    "icon": "https://s3-xmatters-static.s3.amazonaws.com/null/customers/aa4ff4cd-06da-460c-b2d0-bb34ad66da69/IMAGE__20200423204057440__prometheus.png",
    "script": "var deleteSilence = function(id) {\n    // delete silence\n    console.log(\"Deleting silence with id: \" + id);\n    var alertManagerRequest = http.request({\n        'endpoint': 'Alert Manager',\n        'path': 'silence/' + id,\n        'method': 'DELETE',\n    });\n    \n    var response = alertManagerRequest.write();\n    if (response.statusCode == 200) {\n        print(\"Success\");\n    } else {\n        print(\"Failure\");\n        output[\"Success\"] = \"false\";\n        throw new Error();\n    }\n        \n};\n\nvar alertManagerRequest = http.request({\n    'endpoint': 'Alert Manager',\n    'path': 'silences?filter=' + encodeURIComponent( '{alertname=\"octo_alert\"}' ),\n    'method': 'GET',\n    'autoEncodeURI': false\n});\n\nvar response = alertManagerRequest.write();\n//print(response);\nif (response.statusCode == 200) {\n    print(\"Success\");\n} else {\n    print(\"Failure\");\n    output[\"Success\"] = \"false\";\n    throw new Error();\n}\n\nbody = JSON.parse(response.body);\n\nfor (var silence in body) {\n    //console.log(body[silence]);\n    if (body[silence].status.state == \"active\") {\n        deleteSilence(body[silence].id);\n    }\n}\n\noutput['Success'] = \"true\"\n",
    "endpointLabel": "Alertmanager",
    "allowedEnvironment": "BOTH",
    "accessibleByAll": "NotShared",
    "scriptStepType": "USER",
    "inputs": [
      {
        "id": "883a88e8-439e-4df8-953d-ba83c55d4633",
        "name": "Alert Name",
        "helpText": "Name of the alert in Alert Manager",
        "defaultValue": "",
        "multiline": false,
        "required": true,
        "maxLength": 2000,
        "minLength": 0,
        "position": 0
      }
    ],
    "outputs": [],
    "libraries": []
  },
  {
    "id": "3062c1b7-4a7d-4db4-8bcc-a5d3a8395c05",
    "name": "Prometheus - Inbound from Alertmanager",
    "description": "Triggered when an alert gets sent from Alertmanger",
    "icon": "/static/images/script_steps/http-trigger.png",
    "script": "//console.log(\"This is the request body\")\n//console.log(request.body)\n\ndata = JSON.parse(request.body)\n\noutput['alertname'] = data.commonLabels.alertname\noutput['group'] = data.commonLabels.group\noutput['instance'] = data.commonLabels.instance\noutput['job'] = data.commonLabels.job\noutput['monitor'] = data.commonLabels.monitor\noutput['service'] = data.commonLabels.service\noutput['severity'] = data.commonLabels.severity\noutput['receiver'] = data.receiver\noutput['alertmanagerURL'] = data.externalURL\noutput['prometheusURL'] = data.alerts[0].generatorURL\noutput['status'] = data.status\noutput['num_alerts'] = data.alerts.length\n\nannotations = \"\"\nfor (var annotation in data.commonAnnotations) {\n    annotations += annotation + \": \" + data.commonAnnotations[annotation] + \"\\n\"\n}\noutput['annotation'] = annotations\n\nconsole.log(\"Outputs\")\nconsole.log(output)\n",
    "allowedEnvironment": "HOSTED",
    "accessibleByAll": "NotShared",
    "triggerAuthType": "URL_AUTH",
    "scriptStepType": "CUSTOM_HTTP",
    "inputs": [],
    "outputs": [
      {
        "id": "ad3d15bd-b494-4277-b578-078d4c26258e",
        "name": "alertname",
        "position": 0
      },
      {
        "id": "2aac2057-8199-468e-a9cd-e0d90f5d8d43",
        "name": "group",
        "position": 1
      },
      {
        "id": "88ff7520-1016-49f7-b4da-8286b5a3e954",
        "name": "instance",
        "position": 2
      },
      {
        "id": "373f4b77-9373-4815-ac6c-b5b08dd1693c",
        "name": "job",
        "position": 3
      },
      {
        "id": "ee4b5110-a758-44ec-9102-3ce6750f28d0",
        "name": "monitor",
        "position": 4
      },
      {
        "id": "e41d5623-47b0-4d0d-b2d2-fcfa2ea050db",
        "name": "service",
        "position": 5
      },
      {
        "id": "f4a98919-91f9-43c8-b3b5-86ae477f264f",
        "name": "severity",
        "position": 6
      },
      {
        "id": "436bb32a-535a-4a19-bd90-b3616950e5c1",
        "name": "receiver",
        "position": 7
      },
      {
        "id": "46727637-638b-41aa-9e2b-113c2a5876a7",
        "name": "prometheusURL",
        "position": 8
      },
      {
        "id": "33b34732-0a00-48ab-808c-7f6bb4fadea4",
        "name": "status",
        "position": 9
      },
      {
        "id": "0656a673-98bb-4157-8bc8-5d4e6e5349b1",
        "name": "annotation",
        "position": 10
      },
      {
        "id": "3236836c-45ad-4e74-98f1-3bfdf057707d",
        "name": "alertmanagerURL",
        "position": 11
      },
      {
        "id": "7120b32e-bfff-4883-9e09-80e03808d17f",
        "name": "num_alerts",
        "position": 12
      }
    ],
    "libraries": []
  }
]