[
  {
    "id": "7b8e8eb7-2ff3-4452-86ac-87dd0156440f",
    "name": "Prometheus - Create Silence",
    "description": "Creates a silence in the Prometheus Alert Manager",
    "icon": "https://s3-xmatters-static.s3.amazonaws.com/null/customers/aa4ff4cd-06da-460c-b2d0-bb34ad66da69/IMAGE__20200423204057440__prometheus.png",
    "script": "var alertManagerRequest = http.request({\n    'endpoint': 'Alert Manager',\n    'path': 'silences',\n    'method': 'POST'\n});\n\nvar now = new Date()\nvar later = new Date(now.getTime() + input['Alert Length']*60000)\n\nvar requestBody = {};\nmatcher = {\n    'name': 'alertname',\n    'value': input['Alert Name'],\n    'isregex': false\n}\nrequestBody.matchers = [matcher]\nrequestBody.startsAt = now.toISOString()\nrequestBody.endsAt = later.toISOString()\nrequestBody.createdBy = input['Created By']\nrequestBody.comment = input['Comment']\n\nvar response = alertManagerRequest.write(requestBody);\nif (response.statusCode == 200) {\n    output['Success'] = \"true\"\n} else {\n    output['Success'] = \"false\"\n}\n ",
    "endpointLabel": "Alert Manager",
    "allowedEnvironment": "BOTH",
    "accessibleByAll": "NotShared",
    "scriptStepType": "USER",
    "inputs": [
      {
        "id": "c621d399-1f64-465c-974c-727521add912",
        "name": "Alert Name",
        "helpText": "Name of the alert in Alert Manager",
        "defaultValue": "",
        "multiline": false,
        "required": true,
        "validationRegex": "",
        "maxLength": 2000,
        "minLength": 0,
        "position": 0
      },
      {
        "id": "e060887b-66d6-4a91-9de6-62885b5179cb",
        "name": "Silence Length",
        "helpText": "Length of the silence in minutes",
        "defaultValue": "30",
        "multiline": false,
        "required": true,
        "validationRegex": "",
        "maxLength": 2000,
        "minLength": 0,
        "position": 1
      },
      {
        "id": "0ae14bf5-e950-407f-b2a2-0b082ec1d965",
        "name": "Created By",
        "helpText": "Who created the silence",
        "defaultValue": "xMatters",
        "multiline": false,
        "required": true,
        "validationRegex": "",
        "maxLength": 2000,
        "minLength": 0,
        "position": 2
      },
      {
        "id": "7678913b-ec8c-41e5-9f7d-b7eba75bedad",
        "name": "Comment",
        "helpText": "A comment about why this silence was created",
        "defaultValue": "",
        "multiline": false,
        "required": true,
        "validationRegex": "",
        "maxLength": 2000,
        "minLength": 0,
        "position": 3
      }
    ],
    "outputs": [
      {
        "id": "7dabc816-80b3-4c1b-ac21-f65f6806b7b9",
        "name": "Success",
        "description": "",
        "position": 0
      }
    ],
    "libraries": []
  },
  {
    "id": "4af866a5-c09b-48ae-bfb3-393179dd0e6b",
    "name": "Prometheus - Delete Silence",
    "description": "",
    "icon": "https://s3-xmatters-static.s3.amazonaws.com/null/customers/aa4ff4cd-06da-460c-b2d0-bb34ad66da69/IMAGE__20200423204057440__prometheus.png",
    "script": "var deleteSilence = function(id) {\n    // delete silence\n    console.log(\"Deleting silence with id: \" + id);\n    var alertManagerRequest = http.request({\n        'endpoint': 'Alert Manager',\n        'path': 'silence/' + id,\n        'method': 'DELETE',\n    });\n    \n    var response = alertManagerRequest.write();\n    if (response.statusCode == 200) {\n        print(\"Success\");\n    } else {\n        print(\"Failure\");\n        output[\"Success\"] = \"false\";\n        throw new Error();\n    }\n        \n};\n\nvar alertManagerRequest = http.request({\n    'endpoint': 'Alert Manager',\n    'path': 'silences?filter=' + encodeURIComponent( '{alertname=\"octo_alert\"}' ),\n    'method': 'GET',\n    'autoEncodeURI': false\n});\n\nvar response = alertManagerRequest.write();\n//print(response);\nif (response.statusCode == 200) {\n    print(\"Success\");\n} else {\n    print(\"Failure\");\n    output[\"Success\"] = \"false\";\n    throw new Error();\n}\n\nbody = JSON.parse(response.body);\n\nfor (var silence in body) {\n    //console.log(body[silence]);\n    if (body[silence].status.state == \"active\") {\n        deleteSilence(body[silence].id);\n    }\n}\n\noutput['Success'] = \"true\"\n",
    "endpointLabel": "Alertmanager",
    "allowedEnvironment": "BOTH",
    "accessibleByAll": "NotShared",
    "scriptStepType": "USER",
    "inputs": [
      {
        "id": "616912b6-dd59-4a69-a558-d848a429bf5d",
        "name": "Alert Name",
        "helpText": "Name of the alert in Alert Manager",
        "defaultValue": "",
        "multiline": false,
        "required": true,
        "validationRegex": "",
        "maxLength": 2000,
        "minLength": 0,
        "position": 0
      }
    ],
    "outputs": [],
    "libraries": []
  },
  {
    "id": "caf87935-1bf9-4df6-bad6-9049dff85eb9",
    "name": "Prometheus - Inbound from Alertmanager",
    "description": "Triggered when an alert gets sent from Alertmanger",
    "icon": "/static/images/script_steps/http-trigger.png",
    "script": "//console.log(\"This is the request body\")\n//console.log(request.body)\n\ndata = JSON.parse(request.body)\n\noutput['alertname'] = data.commonLabels.alertname\noutput['group'] = data.commonLabels.group\noutput['instance'] = data.commonLabels.instance\noutput['job'] = data.commonLabels.job\noutput['monitor'] = data.commonLabels.monitor\noutput['service'] = data.commonLabels.service\noutput['severity'] = data.commonLabels.severity\noutput['receiver'] = data.receiver\noutput['alertmanagerURL'] = data.externalURL\noutput['prometheusURL'] = data.alerts[0].generatorURL\noutput['status'] = data.status\noutput['num_alerts'] = data.alerts.length\n\nannotations = \"\"\nrecipientset = false\nfor (var annotation in data.commonAnnotations) {\n    if (annotation == \"recipient\") {\n        output['recipient'] = data.commonAnnotations[annotation]\n        recipientset = true\n    } else {\n        annotations += annotation + \": \" + data.commonAnnotations[annotation] + \"\\n\";\n    }\n}\n\noutput['annotation'] = annotations\nif (!recipientset) {\n    output['recipient'] = \"\"\n}\n\nconsole.log(\"Outputs\")\nconsole.log(output)\n",
    "endpointLabel": "",
    "allowedEnvironment": "HOSTED",
    "accessibleByAll": "NotShared",
    "triggerAuthType": "URL_AUTH",
    "scriptStepType": "CUSTOM_HTTP",
    "inputs": [],
    "outputs": [
      {
        "id": "fb0d4d1f-40d0-485d-bc1a-0e6c2b7a7ec3",
        "name": "alertname",
        "description": "",
        "position": 0
      },
      {
        "id": "9ced9f9d-32f9-4e06-9e3e-a4b215d1ba3d",
        "name": "group",
        "description": "",
        "position": 1
      },
      {
        "id": "8a0cd92e-2193-44ea-9966-7a2f80295da2",
        "name": "instance",
        "description": "",
        "position": 2
      },
      {
        "id": "f7d412b0-cae3-49f1-a0ae-2634cee474f7",
        "name": "job",
        "description": "",
        "position": 3
      },
      {
        "id": "f7a66f6e-a3a3-4964-a942-192b6a33baf3",
        "name": "monitor",
        "description": "",
        "position": 4
      },
      {
        "id": "5e8b9b13-45f3-4958-bedb-ea6bf02d7115",
        "name": "service",
        "description": "",
        "position": 5
      },
      {
        "id": "a3eaa574-a291-45d3-b737-42e4ca372a77",
        "name": "severity",
        "description": "",
        "position": 6
      },
      {
        "id": "41090c32-70d9-42a2-9799-c228a61f6db1",
        "name": "receiver",
        "description": "",
        "position": 7
      },
      {
        "id": "29aeebfa-6394-4a6b-89bd-0e2f387b4f12",
        "name": "prometheusURL",
        "description": "",
        "position": 8
      },
      {
        "id": "8170364f-a616-4981-9d73-d9a671c0cc4b",
        "name": "status",
        "description": "",
        "position": 9
      },
      {
        "id": "2339021d-1412-4fd1-8a46-e8c9a65f0561",
        "name": "annotation",
        "description": "",
        "position": 10
      },
      {
        "id": "9a25e816-0a97-4a55-9bcc-7d3356c464bc",
        "name": "alertmanagerURL",
        "description": "",
        "position": 11
      },
      {
        "id": "96523536-c2cc-48f6-8804-a1199b0b1432",
        "name": "num_alerts",
        "description": "",
        "position": 12
      },
      {
        "id": "3f446563-791f-49e3-b29f-0176e4b74ec3",
        "name": "recipient",
        "description": "",
        "position": 13
      }
    ],
    "libraries": []
  }
]