[
  {
    "id": "ae9c998d-ada2-4b76-a87e-ac67f1780f0d",
    "name": "Prometheus - Create Silence",
    "description": "Creates a silence in the Prometheus Alert Manager",
    "icon": "https://s3-xmatters-static.s3.amazonaws.com/null/customers/aa4ff4cd-06da-460c-b2d0-bb34ad66da69/IMAGE__20200423204057440__prometheus.png",
    "script": "var alertManagerRequest = http.request({\n    'endpoint': 'Alert Manager',\n    'path': 'silences',\n    'method': 'POST'\n});\n\nvar now = new Date()\nvar later = new Date(now.getTime() + input['Silence Length']*60000)\n\nvar requestBody = {};\nmatcher = {\n    'name': 'alertname',\n    'value': input['Alert Name'],\n    'isregex': false\n}\nrequestBody.matchers = [matcher]\nrequestBody.startsAt = now.toISOString()\nrequestBody.endsAt = later.toISOString()\nrequestBody.createdBy = input['Created By']\nrequestBody.comment = input['Comment']\n\nvar response = alertManagerRequest.write(requestBody);\nif (response.statusCode == 200) {\n    output['Success'] = \"true\"\n} else {\n    output['Success'] = \"false\"\n}\n ",
    "endpointLabel": "Alert Manager",
    "allowedEnvironment": "BOTH",
    "accessibleByAll": "NotShared",
    "scriptStepType": "USER",
    "inputs": [
      {
        "id": "9c819ee0-69c4-47bb-ad04-640a547d6693",
        "name": "Alert Name",
        "helpText": "Name of the alert in Alert Manager",
        "defaultValue": "",
        "multiline": false,
        "required": true,
        "validationRegex": "",
        "maxLength": 2000,
        "minLength": 0,
        "position": 0
      },
      {
        "id": "f276bf85-3642-467a-aba0-a08565cab948",
        "name": "Silence Length",
        "helpText": "Length of the silence in minutes",
        "defaultValue": "30",
        "multiline": false,
        "required": true,
        "validationRegex": "",
        "maxLength": 2000,
        "minLength": 0,
        "position": 1
      },
      {
        "id": "4ca2bf84-e77a-41bc-b2ed-fe3b9923039b",
        "name": "Created By",
        "helpText": "Who created the silence",
        "defaultValue": "xMatters",
        "multiline": false,
        "required": true,
        "validationRegex": "",
        "maxLength": 2000,
        "minLength": 0,
        "position": 2
      },
      {
        "id": "dc610e67-d93c-48a9-b8c8-40f1d30f621a",
        "name": "Comment",
        "helpText": "A comment about why this silence was created",
        "defaultValue": "",
        "multiline": false,
        "required": true,
        "validationRegex": "",
        "maxLength": 2000,
        "minLength": 0,
        "position": 3
      }
    ],
    "outputs": [
      {
        "id": "e0130dd5-935d-46c8-b1e4-1a3849297ad0",
        "name": "Success",
        "description": "",
        "position": 0
      }
    ],
    "libraries": []
  },
  {
    "id": "798838ef-c06f-4e0d-8239-25abbba5a7ff",
    "name": "Prometheus - Delete Silence",
    "description": "",
    "icon": "https://s3-xmatters-static.s3.amazonaws.com/null/customers/aa4ff4cd-06da-460c-b2d0-bb34ad66da69/IMAGE__20200423204057440__prometheus.png",
    "script": "var deleteSilence = function(id) {\n    // delete silence\n    console.log(\"Deleting silence with id: \" + id);\n    var alertManagerRequest = http.request({\n        'endpoint': 'Alert Manager',\n        'path': 'silence/' + id,\n        'method': 'DELETE',\n    });\n    \n    var response = alertManagerRequest.write();\n    if (response.statusCode == 200) {\n        print(\"Success\");\n    } else {\n        print(\"Failure\");\n        output[\"Success\"] = \"false\";\n        throw new Error();\n    }\n        \n};\n\nvar alertManagerRequest = http.request({\n    'endpoint': 'Alert Manager',\n    'path': 'silences?filter=' + encodeURIComponent( '{alertname=\"octo_alert\"}' ),\n    'method': 'GET',\n    'autoEncodeURI': false\n});\n\nvar response = alertManagerRequest.write();\n//print(response);\nif (response.statusCode == 200) {\n    print(\"Success\");\n} else {\n    print(\"Failure\");\n    output[\"Success\"] = \"false\";\n    throw new Error();\n}\n\nbody = JSON.parse(response.body);\n\nfor (var silence in body) {\n    //console.log(body[silence]);\n    if (body[silence].status.state == \"active\") {\n        deleteSilence(body[silence].id);\n    }\n}\n\noutput['Success'] = \"true\"\n",
    "endpointLabel": "Alertmanager",
    "allowedEnvironment": "BOTH",
    "accessibleByAll": "NotShared",
    "scriptStepType": "USER",
    "inputs": [
      {
        "id": "5ddc051e-dc09-4247-af5e-15c1cf66c610",
        "name": "Alert Name",
        "helpText": "Name of the alert in Alert Manager",
        "defaultValue": "",
        "multiline": false,
        "required": true,
        "validationRegex": "",
        "maxLength": 2000,
        "minLength": 0,
        "position": 0
      }
    ],
    "outputs": [],
    "libraries": []
  },
  {
    "id": "227c278c-6d57-475d-a044-927fb3bd0d7f",
    "name": "Prometheus - Inbound from Alertmanager",
    "description": "Triggered when an alert gets sent from Alertmanger",
    "icon": "https://s3-xmatters-static.s3.amazonaws.com/null/customers/aa4ff4cd-06da-460c-b2d0-bb34ad66da69/IMAGE__20200423204057440__prometheus.png",
    "script": "//console.log(\"This is the request body\")\n//console.log(request.body)\n\ndata = JSON.parse(request.body)\n\noutput['alertname'] = data.commonLabels.alertname\noutput['group'] = data.commonLabels.group\noutput['instance'] = data.commonLabels.instance\noutput['job'] = data.commonLabels.job\noutput['monitor'] = data.commonLabels.monitor\noutput['service'] = data.commonLabels.service\noutput['severity'] = data.commonLabels.severity\noutput['receiver'] = data.receiver\noutput['alertmanagerURL'] = data.externalURL\noutput['prometheusURL'] = data.alerts[0].generatorURL\noutput['status'] = data.status\noutput['num_alerts'] = data.alerts.length\n\nannotations = \"\"\nrecipientset = false\nfor (var annotation in data.commonAnnotations) {\n    if (annotation == \"recipient\") {\n        output['recipient'] = data.commonAnnotations[annotation]\n        recipientset = true\n    } else {\n        annotations += annotation + \": \" + data.commonAnnotations[annotation] + \"\\n\";\n    }\n}\n\nvar aggregatedStatus = \"firing\"\nfor (var i in data.alerts) {\n    if (data.alerts[i].status == \"resolved\") {\n        aggregatedStatus = \"resolved\"\n    }\n}\noutput['aggregatedStatus'] = aggregatedStatus\n\noutput['annotation'] = annotations\nif (!recipientset) {\n    output['recipient'] = \"\"\n}\n\nconsole.log(\"Outputs\")\nconsole.log(output)\n",
    "endpointLabel": "",
    "allowedEnvironment": "HOSTED",
    "accessibleByAll": "NotShared",
    "triggerAuthType": "URL_AUTH",
    "scriptStepType": "CUSTOM_HTTP",
    "inputs": [],
    "outputs": [
      {
        "id": "cdc1c275-99e9-4757-9dd0-f30d4fd2468c",
        "name": "alertname",
        "description": "",
        "position": 0
      },
      {
        "id": "0be77b48-a384-414a-b252-3fce7f12cf94",
        "name": "group",
        "description": "",
        "position": 1
      },
      {
        "id": "9a040371-9814-4f2e-9280-75196c06e178",
        "name": "instance",
        "description": "",
        "position": 2
      },
      {
        "id": "30c05349-9480-4433-959a-1d512d13b640",
        "name": "job",
        "description": "",
        "position": 3
      },
      {
        "id": "614df2af-7bcf-4caf-b8c0-56f06afac3e7",
        "name": "monitor",
        "description": "",
        "position": 4
      },
      {
        "id": "4116bc4f-03b6-494a-a2a3-a6867e16bcf7",
        "name": "service",
        "description": "",
        "position": 5
      },
      {
        "id": "6a8aaff1-6691-4912-a060-4f7922d7636e",
        "name": "severity",
        "description": "",
        "position": 6
      },
      {
        "id": "0bcd2823-5d2e-4c08-943d-a32cb65a4449",
        "name": "receiver",
        "description": "",
        "position": 7
      },
      {
        "id": "dc8349b0-52da-4433-bc2b-45e157f4b299",
        "name": "prometheusURL",
        "description": "",
        "position": 8
      },
      {
        "id": "967d54e0-6e16-471a-82a2-8008686de45d",
        "name": "status",
        "description": "",
        "position": 9
      },
      {
        "id": "e50f4340-3eb3-483b-825e-d7793f4aeca0",
        "name": "annotation",
        "description": "",
        "position": 10
      },
      {
        "id": "b429d2c7-2146-4774-8155-2c70f4faed74",
        "name": "alertmanagerURL",
        "description": "",
        "position": 11
      },
      {
        "id": "83c35f58-6f7c-4126-b240-e6681cf4ba09",
        "name": "num_alerts",
        "description": "",
        "position": 12
      },
      {
        "id": "22ca3ea2-ff14-4c6a-9428-68d9c70cf2b9",
        "name": "recipient",
        "description": "",
        "position": 13
      },
      {
        "id": "8f4dd711-9afe-4830-9b40-dd7f959109fc",
        "name": "aggregatedStatus",
        "description": "",
        "position": 14
      }
    ],
    "libraries": []
  }
]