[
  {
    "baseType": 3,
    "name": "alertmanager_link",
    "defaultValue": "",
    "description": "",
    "helpText": "",
    "isSystem": false,
    "minLength": 0,
    "maxLength": 2000,
    "validationRegex": "",
    "isValidate": false,
    "uuid": "de76f3ce-4d0e-4f46-a4aa-de2af908ff27"
  },
  {
    "baseType": 3,
    "name": "alert_markup",
    "defaultValue": "",
    "description": "",
    "helpText": "",
    "isSystem": false,
    "minLength": 0,
    "maxLength": 2000,
    "validationRegex": "",
    "isValidate": false,
    "uuid": "978ffe2c-73b8-4b1f-a174-35d38327a043"
  },
  {
    "baseType": 3,
    "name": "alertname",
    "defaultValue": "",
    "description": "",
    "helpText": "Alert name from Alert Manager",
    "isSystem": false,
    "minLength": 0,
    "maxLength": 2000,
    "validationRegex": "",
    "isValidate": false,
    "uuid": "69a9cd56-fb01-4209-aec1-9d803be2075e"
  },
  {
    "baseType": 3,
    "name": "commonAnnotations_markup",
    "defaultValue": "",
    "description": "",
    "helpText": "",
    "isSystem": false,
    "minLength": 0,
    "maxLength": 2000,
    "validationRegex": "",
    "isValidate": false,
    "uuid": "5d9bfedf-d2e0-4f7d-b172-702d457bc999"
  },
  {
    "baseType": 3,
    "name": "commonLabels_markup",
    "defaultValue": "",
    "description": "",
    "helpText": "",
    "isSystem": false,
    "minLength": 0,
    "maxLength": 2000,
    "validationRegex": "",
    "isValidate": false,
    "uuid": "f69034f1-1d1b-4214-b3d3-077f2d228358"
  },
  {
    "baseType": 3,
    "name": "groupLabels_markup",
    "defaultValue": "",
    "description": "",
    "helpText": "",
    "isSystem": false,
    "minLength": 0,
    "maxLength": 2000,
    "validationRegex": "",
    "isValidate": false,
    "uuid": "2aa0f98a-f60c-484e-ba28-d516b57316f3"
  },
  {
    "baseType": 1,
    "name": "num_alerts",
    "description": "",
    "helpText": "",
    "isSystem": false,
    "minValue": "",
    "maxValue": "",
    "units": "",
    "uuid": "d747094e-8ba4-455e-88a5-0a91284366d8"
  },
  {
    "baseType": 3,
    "name": "receiver",
    "defaultValue": "",
    "description": "",
    "helpText": "",
    "isSystem": false,
    "minLength": 0,
    "maxLength": 2000,
    "validationRegex": "",
    "isValidate": false,
    "uuid": "f2d8087f-a8e3-4667-81f3-22a2200849bb"
  },
  {
    "baseType": 3,
    "name": "short_description",
    "defaultValue": "",
    "description": "",
    "helpText": "",
    "isSystem": false,
    "minLength": 0,
    "maxLength": 2000,
    "validationRegex": "",
    "isValidate": false,
    "uuid": "52e6e628-cbf4-4ba5-adc7-673f45587e43"
  },
  {
    "baseType": 3,
    "name": "source_link",
    "defaultValue": "",
    "description": "",
    "helpText": "",
    "isSystem": false,
    "minLength": 0,
    "maxLength": 2000,
    "validationRegex": "",
    "isValidate": false,
    "uuid": "dcd8215f-ac40-4be3-9f6f-1bb68e872a2e"
  },
  {
    "baseType": 3,
    "name": "subject",
    "defaultValue": "",
    "description": "",
    "helpText": "",
    "isSystem": false,
    "minLength": 0,
    "maxLength": 2000,
    "validationRegex": "",
    "isValidate": false,
    "uuid": "e73301b5-c09e-43bd-aea9-5f4b74ddb675"
  }
]