[
  {
    "baseType": 3,
    "name": "alertmanager_link",
    "defaultValue": "",
    "description": "",
    "helpText": "",
    "isSystem": false,
    "minLength": 0,
    "maxLength": 2000,
    "validationRegex": "",
    "isValidate": false,
    "uuid": "52074010-6633-4124-8ce5-e857fb13b127"
  },
  {
    "baseType": 3,
    "name": "alert_markup",
    "defaultValue": "",
    "description": "",
    "helpText": "",
    "isSystem": false,
    "minLength": 0,
    "maxLength": 2000,
    "validationRegex": "",
    "isValidate": false,
    "uuid": "3e863557-4e5d-4aff-a483-c2019b7e9821"
  },
  {
    "baseType": 3,
    "name": "commonAnnotations_markup",
    "defaultValue": "",
    "description": "",
    "helpText": "",
    "isSystem": false,
    "minLength": 0,
    "maxLength": 2000,
    "validationRegex": "",
    "isValidate": false,
    "uuid": "ed2e8ee5-047c-4e1a-981d-52838751a6c2"
  },
  {
    "baseType": 3,
    "name": "commonLabels_markup",
    "defaultValue": "",
    "description": "",
    "helpText": "",
    "isSystem": false,
    "minLength": 0,
    "maxLength": 2000,
    "validationRegex": "",
    "isValidate": false,
    "uuid": "5749aa5e-1d12-4c32-a24c-e7671f47b5a8"
  },
  {
    "baseType": 3,
    "name": "groupLabels_markup",
    "defaultValue": "",
    "description": "",
    "helpText": "",
    "isSystem": false,
    "minLength": 0,
    "maxLength": 2000,
    "validationRegex": "",
    "isValidate": false,
    "uuid": "1ffd9463-ea20-45a8-bdbb-46bcbda5ddd3"
  },
  {
    "baseType": 1,
    "name": "num_alerts",
    "description": "",
    "helpText": "",
    "isSystem": false,
    "minValue": "",
    "maxValue": "",
    "units": "",
    "uuid": "ad999df1-8834-419d-8229-be84d491bde3"
  },
  {
    "baseType": 3,
    "name": "receiver",
    "defaultValue": "",
    "description": "",
    "helpText": "",
    "isSystem": false,
    "minLength": 0,
    "maxLength": 2000,
    "validationRegex": "",
    "isValidate": false,
    "uuid": "ddf57761-0ec6-4703-acbe-cdcc7ed48a7f"
  },
  {
    "baseType": 3,
    "name": "short_description",
    "defaultValue": "",
    "description": "",
    "helpText": "",
    "isSystem": false,
    "minLength": 0,
    "maxLength": 2000,
    "validationRegex": "",
    "isValidate": false,
    "uuid": "35f4c6c8-f5ed-4c4a-94db-787bd4312ba9"
  },
  {
    "baseType": 3,
    "name": "source_link",
    "defaultValue": "",
    "description": "",
    "helpText": "",
    "isSystem": false,
    "minLength": 0,
    "maxLength": 2000,
    "validationRegex": "",
    "isValidate": false,
    "uuid": "f6a7b1eb-05d5-4850-bded-73935f9cf83b"
  },
  {
    "baseType": 3,
    "name": "subject",
    "defaultValue": "",
    "description": "",
    "helpText": "",
    "isSystem": false,
    "minLength": 0,
    "maxLength": 2000,
    "validationRegex": "",
    "isValidate": false,
    "uuid": "206272cb-ce61-4b3d-9474-5a183d4b68a4"
  }
]