[
  {
    "baseType": 3,
    "name": "alertmanager_link",
    "defaultValue": "",
    "description": "",
    "helpText": "",
    "isSystem": false,
    "minLength": 0,
    "maxLength": 300,
    "validationRegex": "",
    "isValidate": false
  },
  {
    "baseType": 3,
    "name": "alert_markup",
    "defaultValue": "",
    "description": "",
    "helpText": "",
    "isSystem": false,
    "minLength": 0,
    "maxLength": 20000,
    "validationRegex": "",
    "isValidate": false
  },
  {
    "baseType": 3,
    "name": "commonAnnotations_markup",
    "defaultValue": "",
    "description": "",
    "helpText": "",
    "isSystem": false,
    "minLength": 0,
    "maxLength": 20000,
    "validationRegex": "",
    "isValidate": false
  },
  {
    "baseType": 3,
    "name": "commonLabels_markup",
    "defaultValue": "",
    "description": "",
    "helpText": "",
    "isSystem": false,
    "minLength": 0,
    "maxLength": 20000,
    "validationRegex": "",
    "isValidate": false
  },
  {
    "baseType": 3,
    "name": "groupLabels_markup",
    "defaultValue": "",
    "description": "",
    "helpText": "",
    "isSystem": false,
    "minLength": 0,
    "maxLength": 2000,
    "validationRegex": "",
    "isValidate": false
  },
  {
    "baseType": 1,
    "name": "num_alerts",
    "description": "",
    "helpText": "",
    "isSystem": false,
    "minValue": "",
    "maxValue": "",
    "units": ""
  },
  {
    "baseType": 3,
    "name": "receiver",
    "defaultValue": "",
    "description": "",
    "helpText": "",
    "isSystem": false,
    "minLength": 0,
    "maxLength": 200,
    "validationRegex": "",
    "isValidate": false
  },
  {
    "baseType": 3,
    "name": "short_description",
    "defaultValue": "",
    "description": "",
    "helpText": "",
    "isSystem": false,
    "minLength": 0,
    "maxLength": 1000,
    "validationRegex": "",
    "isValidate": false
  },
  {
    "baseType": 3,
    "name": "source_link",
    "defaultValue": "",
    "description": "",
    "helpText": "",
    "isSystem": false,
    "minLength": 0,
    "maxLength": 300,
    "validationRegex": "",
    "isValidate": false
  },
  {
    "baseType": 3,
    "name": "subject",
    "defaultValue": "",
    "description": "",
    "helpText": "",
    "isSystem": false,
    "minLength": 0,
    "maxLength": 2000,
    "validationRegex": "",
    "isValidate": false
  }
]