[
  {
    "baseType": 3,
    "name": "alertmanager_link",
    "defaultValue": "",
    "description": "",
    "helpText": "",
    "isSystem": false,
    "minLength": 0,
    "maxLength": 2000,
    "validationRegex": "",
    "isValidate": false,
    "uuid": "5af12c44-6120-4a7f-a938-380521a3ec2a"
  },
  {
    "baseType": 3,
    "name": "alert_markup",
    "defaultValue": "",
    "description": "",
    "helpText": "",
    "isSystem": false,
    "minLength": 0,
    "maxLength": 2000,
    "validationRegex": "",
    "isValidate": false,
    "uuid": "dfd6145c-078f-44f2-ac01-cf6028216dff"
  },
  {
    "baseType": 3,
    "name": "alertname",
    "defaultValue": "",
    "description": "",
    "helpText": "Alert name from Alert Manager",
    "isSystem": false,
    "minLength": 0,
    "maxLength": 2000,
    "validationRegex": "",
    "isValidate": false,
    "uuid": "ea94bb5a-e64e-4557-a15a-a8afc3f3072b"
  },
  {
    "baseType": 3,
    "name": "commonAnnotations_markup",
    "defaultValue": "",
    "description": "",
    "helpText": "",
    "isSystem": false,
    "minLength": 0,
    "maxLength": 2000,
    "validationRegex": "",
    "isValidate": false,
    "uuid": "fb7a70bf-fd3d-4c07-95d2-3929dca471ca"
  },
  {
    "baseType": 3,
    "name": "commonLabels_markup",
    "defaultValue": "",
    "description": "",
    "helpText": "",
    "isSystem": false,
    "minLength": 0,
    "maxLength": 2000,
    "validationRegex": "",
    "isValidate": false,
    "uuid": "f2c21315-7543-49f2-ba55-56e68e808453"
  },
  {
    "baseType": 3,
    "name": "groupLabels_markup",
    "defaultValue": "",
    "description": "",
    "helpText": "",
    "isSystem": false,
    "minLength": 0,
    "maxLength": 2000,
    "validationRegex": "",
    "isValidate": false,
    "uuid": "f16639f7-e7be-4e2b-8162-52e5b2838b8e"
  },
  {
    "baseType": 1,
    "name": "num_alerts",
    "description": "",
    "helpText": "",
    "isSystem": false,
    "minValue": "",
    "maxValue": "",
    "units": "",
    "uuid": "eb0ffa63-8b43-4c4e-aff0-a73f5edf2c37"
  },
  {
    "baseType": 3,
    "name": "receiver",
    "defaultValue": "",
    "description": "",
    "helpText": "",
    "isSystem": false,
    "minLength": 0,
    "maxLength": 2000,
    "validationRegex": "",
    "isValidate": false,
    "uuid": "fd90ba96-f39c-401b-8c3a-1730e6d5672c"
  },
  {
    "baseType": 3,
    "name": "short_description",
    "defaultValue": "",
    "description": "",
    "helpText": "",
    "isSystem": false,
    "minLength": 0,
    "maxLength": 2000,
    "validationRegex": "",
    "isValidate": false,
    "uuid": "53224f40-d37a-453c-b4e7-de87b8577c8f"
  },
  {
    "baseType": 3,
    "name": "source_link",
    "defaultValue": "",
    "description": "",
    "helpText": "",
    "isSystem": false,
    "minLength": 0,
    "maxLength": 2000,
    "validationRegex": "",
    "isValidate": false,
    "uuid": "cda81dee-5793-479e-8008-4f39a19ec0fb"
  },
  {
    "baseType": 3,
    "name": "subject",
    "defaultValue": "",
    "description": "",
    "helpText": "",
    "isSystem": false,
    "minLength": 0,
    "maxLength": 2000,
    "validationRegex": "",
    "isValidate": false,
    "uuid": "8d3c7142-5a3b-4735-8b2c-78ec45a9455b"
  }
]