{
  "name": "New Alert",
  "description": "",
  "form": "d69d5b03-439e-4800-a950-5c016e3a2e6f",
  "blocks": [
    {
      "id": "1144e67c-4543-4fa2-a1c9-2181a2cfe1e0",
      "label": "Acknowledge",
      "environment": "HOSTED",
      "presentation": "{}",
      "step": "a735af7d-ad66-4128-99b1-3d23600e32ae",
      "stepType": "INTEGRATION"
    },
    {
      "id": "b7ac909d-4e9b-442f-99f0-17f3c86a532d",
      "label": "Create Silence",
      "environment": "HOSTED",
      "presentation": "{}",
      "step": "ce221cf1-1a99-430a-b1f2-97b81fe2dc9f",
      "stepType": "INTEGRATION"
    },
    {
      "id": "b2271755-9e38-47b1-aab3-2bce15011678",
      "label": "Delete Silence",
      "environment": "HOSTED",
      "presentation": "{}",
      "step": "00fbd462-8940-4e78-8e09-aae88b66ae0a",
      "stepType": "INTEGRATION"
    },
    {
      "id": "c0bce842-c2f2-4c23-892b-7f2ff0d526e9",
      "label": "Escalate",
      "environment": "HOSTED",
      "presentation": "{}",
      "step": "d419989b-ee2a-40cc-96f0-1de9f1d47d17",
      "stepType": "INTEGRATION"
    },
    {
      "id": "be97eefb-68a9-4fb3-a5f6-755b9f3f4d0e",
      "label": "Get Events",
      "environment": "HOSTED",
      "presentation": "{\"w\":60,\"x\":72,\"h\":60,\"y\":-61}",
      "step": "f36cf6ba-2225-5cb3-831f-030a05527c72",
      "stepType": "SCRIPT_STEP",
      "inputMappings": [
        {
          "inputPort": "input",
          "mapping": "ACTIVE",
          "stepInput": "fa86536b-3508-56de-884b-503596bd64c2"
        },
        {
          "inputPort": "input",
          "mapping": "alertname#en",
          "stepInput": "72cd05cc-dfe2-5933-b85c-edcf1df9f56f"
        },
        {
          "inputPort": "input",
          "mapping": "${cf459827-635d-4299-a56e-00f9f071bdea.alertname}",
          "stepInput": "b58893a5-ffaf-502d-982b-613dcd7b2232"
        },
        {
          "inputPort": "input",
          "mapping": "FALSE",
          "stepInput": "3bb89cc9-b89f-5291-9c54-1da7bc6c051a"
        }
      ]
    },
    {
      "id": "cf459827-635d-4299-a56e-00f9f071bdea",
      "label": "New Alert - Prometheus - Inbound from Alertmanager",
      "environment": "HOSTED",
      "presentation": "{\"w\":60,\"x\":-256,\"h\":60,\"y\":-361}",
      "step": "efbe07a5-4146-4482-bb10-548d435e9fc9",
      "stepType": "INTEGRATION"
    },
    {
      "id": "36d4f404-7397-4aab-9b4b-c10e3545d041",
      "endpoint": "Alert Manager",
      "label": "Prometheus - Create Silence",
      "environment": "ONPREMISE",
      "presentation": "{\"w\":60,\"x\":-429,\"h\":60,\"y\":107}",
      "step": "ae9c998d-ada2-4b76-a87e-ac67f1780f0d",
      "stepType": "SCRIPT_STEP",
      "inputMappings": [
        {
          "inputPort": "input",
          "mapping": "${event.properties.alertname}",
          "stepInput": "9c819ee0-69c4-47bb-ad04-640a547d6693"
        },
        {
          "inputPort": "input",
          "mapping": "30",
          "stepInput": "f276bf85-3642-467a-aba0-a08565cab948"
        },
        {
          "inputPort": "input",
          "mapping": "xMatters",
          "stepInput": "4ca2bf84-e77a-41bc-b2ed-fe3b9923039b"
        },
        {
          "inputPort": "input",
          "mapping": "${triggerOutputRESPONSE.respondedTo.by.targetName}",
          "stepInput": "dc610e67-d93c-48a9-b8c8-40f1d30f621a"
        }
      ]
    },
    {
      "id": "629c6d81-911f-4060-b177-e75e769385d4",
      "endpoint": "Alert Manager",
      "label": "Prometheus - Delete Silence",
      "environment": "ONPREMISE",
      "presentation": "{\"w\":60,\"x\":-431,\"h\":60,\"y\":263}",
      "step": "798838ef-c06f-4e0d-8239-25abbba5a7ff",
      "stepType": "SCRIPT_STEP",
      "inputMappings": [
        {
          "inputPort": "input",
          "mapping": "${event.properties.alertname}",
          "stepInput": "5ddc051e-dc09-4247-af5e-15c1cf66c610"
        }
      ]
    },
    {
      "id": "588b4624-f8c7-446a-890a-1cebb66b2f92",
      "label": "Responses",
      "environment": "HOSTED",
      "presentation": "{\"w\":100,\"x\":-613,\"h\":50,\"y\":-360}",
      "stepType": "RESPONSES"
    },
    {
      "id": "b62cf29b-0123-46a2-acf9-331df6d619d4",
      "label": "Switch",
      "environment": "HOSTED",
      "presentation": "{\"w\":60,\"x\":242,\"h\":60,\"y\":-46}",
      "stepType": "SWITCH",
      "inputMappings": [
        {
          "inputPort": "input",
          "mapping": "${be97eefb-68a9-4fb3-a5f6-755b9f3f4d0e.Total Event Count}"
        }
      ],
      "switchCases": [
        {
          "caseId": "43774fb5-b926-49d2-89e3-3cb79a70c340",
          "caseValue": "0"
        }
      ]
    },
    {
      "id": "7fba5315-954d-480d-a987-c8dc1854be6c",
      "label": "Switch",
      "environment": "HOSTED",
      "presentation": "{\"w\":60,\"x\":-89,\"h\":60,\"y\":-346}",
      "stepType": "SWITCH",
      "inputMappings": [
        {
          "inputPort": "input",
          "mapping": "${cf459827-635d-4299-a56e-00f9f071bdea.aggregatedStatus}"
        }
      ],
      "switchCases": [
        {
          "caseId": "1e5fe48d-cc04-4210-814c-6854397c4f17",
          "caseValue": "firing"
        },
        {
          "caseId": "f0748f7e-fbe4-45b3-a4e8-c9c72d110cfc",
          "caseValue": "resolved"
        }
      ]
    },
    {
      "id": "9bdeb2db-759e-461b-a2a6-54059f442b30",
      "label": "Terminate Events",
      "environment": "HOSTED",
      "presentation": "{\"w\":60,\"x\":428,\"h\":60,\"y\":239}",
      "step": "798e3053-b4b4-5e8c-ba84-8a11c3be6237",
      "stepType": "SCRIPT_STEP",
      "inputMappings": [
        {
          "inputPort": "input",
          "mapping": "${be97eefb-68a9-4fb3-a5f6-755b9f3f4d0e.Event IDs}",
          "stepInput": "4fdf2591-4925-5682-8911-f0163d7f98dd"
        }
      ]
    },
    {
      "id": "856872e8-414d-4d45-bb38-4520e111b905",
      "label": "xMatters Create Event - New Alert",
      "environment": "HOSTED",
      "presentation": "{\"w\":60,\"x\":71,\"h\":60,\"y\":-212}",
      "step": "d69d5b03-439e-4800-a950-5c016e3a2e6f",
      "stepType": "CREATE_EVENT",
      "inputMappings": [
        {
          "inputPort": "input",
          "mapping": "${cf459827-635d-4299-a56e-00f9f071bdea.alertname} - [${cf459827-635d-4299-a56e-00f9f071bdea.status}: ${cf459827-635d-4299-a56e-00f9f071bdea.num_alerts}]",
          "sectionItemKey": "52e6e628-cbf4-4ba5-adc7-673f45587e43"
        },
        {
          "inputPort": "input",
          "mapping": "${cf459827-635d-4299-a56e-00f9f071bdea.alertname}",
          "sectionItemKey": "978ffe2c-73b8-4b1f-a174-35d38327a043"
        },
        {
          "inputPort": "input",
          "mapping": "${cf459827-635d-4299-a56e-00f9f071bdea.alertmanagerURL}",
          "sectionItemKey": "de76f3ce-4d0e-4f46-a4aa-de2af908ff27"
        },
        {
          "inputPort": "input",
          "mapping": "${cf459827-635d-4299-a56e-00f9f071bdea.num_alerts}",
          "sectionItemKey": "d747094e-8ba4-455e-88a5-0a91284366d8"
        },
        {
          "inputPort": "input",
          "mapping": "${cf459827-635d-4299-a56e-00f9f071bdea.prometheusURL}",
          "sectionItemKey": "dcd8215f-ac40-4be3-9f6f-1bb68e872a2e"
        },
        {
          "inputPort": "input",
          "mapping": "${cf459827-635d-4299-a56e-00f9f071bdea.recipient}",
          "sectionItemKey": "recipients"
        },
        {
          "inputPort": "input",
          "mapping": "alertname = ${cf459827-635d-4299-a56e-00f9f071bdea.alertname}",
          "sectionItemKey": "2aa0f98a-f60c-484e-ba28-d516b57316f3"
        },
        {
          "inputPort": "input",
          "mapping": "[${cf459827-635d-4299-a56e-00f9f071bdea.status}: ${cf459827-635d-4299-a56e-00f9f071bdea.num_alerts}] ${cf459827-635d-4299-a56e-00f9f071bdea.alertname}",
          "sectionItemKey": "e73301b5-c09e-43bd-aea9-5f4b74ddb675"
        },
        {
          "inputPort": "input",
          "mapping": "${cf459827-635d-4299-a56e-00f9f071bdea.annotation}",
          "sectionItemKey": "5d9bfedf-d2e0-4f7d-b172-702d457bc999"
        },
        {
          "inputPort": "input",
          "mapping": "alertname = ${cf459827-635d-4299-a56e-00f9f071bdea.alertname}\ngroup = ${cf459827-635d-4299-a56e-00f9f071bdea.group}\ninstance = ${cf459827-635d-4299-a56e-00f9f071bdea.instance}\njob = ${cf459827-635d-4299-a56e-00f9f071bdea.job}\nmonitor = ${cf459827-635d-4299-a56e-00f9f071bdea.monitor}\nservice = ${cf459827-635d-4299-a56e-00f9f071bdea.service}\nseverity = ${cf459827-635d-4299-a56e-00f9f071bdea.severity}",
          "sectionItemKey": "f69034f1-1d1b-4214-b3d3-077f2d228358"
        },
        {
          "inputPort": "input",
          "mapping": "${cf459827-635d-4299-a56e-00f9f071bdea.alertname}",
          "sectionItemKey": "69a9cd56-fb01-4209-aec1-9d803be2075e"
        },
        {
          "inputPort": "input",
          "mapping": "${cf459827-635d-4299-a56e-00f9f071bdea.receiver}",
          "sectionItemKey": "f2d8087f-a8e3-4667-81f3-22a2200849bb"
        }
      ]
    }
  ],
  "edges": [
    {
      "fromBlock": "b2271755-9e38-47b1-aab3-2bce15011678",
      "fromPort": "output",
      "toBlock": "629c6d81-911f-4060-b177-e75e769385d4",
      "toPort": "input"
    },
    {
      "fromBlock": "b62cf29b-0123-46a2-acf9-331df6d619d4",
      "fromPort": "output",
      "toBlock": "9bdeb2db-759e-461b-a2a6-54059f442b30",
      "toPort": "input"
    },
    {
      "fromBlock": "b7ac909d-4e9b-442f-99f0-17f3c86a532d",
      "fromPort": "output",
      "toBlock": "36d4f404-7397-4aab-9b4b-c10e3545d041",
      "toPort": "input"
    },
    {
      "fromBlock": "be97eefb-68a9-4fb3-a5f6-755b9f3f4d0e",
      "fromPort": "output",
      "toBlock": "b62cf29b-0123-46a2-acf9-331df6d619d4",
      "toPort": "input"
    },
    {
      "fromBlock": "cf459827-635d-4299-a56e-00f9f071bdea",
      "fromPort": "output",
      "toBlock": "7fba5315-954d-480d-a987-c8dc1854be6c",
      "toPort": "input"
    },
    {
      "fromBlock": "7fba5315-954d-480d-a987-c8dc1854be6c",
      "fromPort": "1e5fe48d-cc04-4210-814c-6854397c4f17",
      "toBlock": "856872e8-414d-4d45-bb38-4520e111b905",
      "toPort": "input"
    },
    {
      "fromBlock": "7fba5315-954d-480d-a987-c8dc1854be6c",
      "fromPort": "f0748f7e-fbe4-45b3-a4e8-c9c72d110cfc",
      "toBlock": "be97eefb-68a9-4fb3-a5f6-755b9f3f4d0e",
      "toPort": "input"
    }
  ]
}