{
  "name": "New Alert",
  "form": "427243c9-2b80-4d3a-b440-47d9c0c27983",
  "blocks": [
    {
      "id": "cae59c93-cf97-4f61-96a5-abebdb756f75",
      "label": "Acknowledge",
      "environment": "HOSTED",
      "presentation": "{}",
      "step": "a6511103-413e-403c-b628-697b8c95a1c9",
      "stepType": "INTEGRATION"
    },
    {
      "id": "b5564007-54f3-42af-b845-d26de38c75c8",
      "label": "Create Silence",
      "environment": "HOSTED",
      "presentation": "{}",
      "step": "a7da7980-7c96-415a-853f-ffd932a3f101",
      "stepType": "INTEGRATION"
    },
    {
      "id": "0200e62e-1c3a-448e-80e2-e193a273934c",
      "label": "Delete Silence",
      "environment": "HOSTED",
      "presentation": "{}",
      "step": "01b87dd0-4bae-4653-a5ff-495c6ade60a1",
      "stepType": "INTEGRATION"
    },
    {
      "id": "b9fe9e4d-a4bb-4ed8-9352-b93cacdf21ca",
      "label": "Escalate",
      "environment": "HOSTED",
      "presentation": "{}",
      "step": "d2a6451b-3019-46c1-a25f-bd848473ba96",
      "stepType": "INTEGRATION"
    },
    {
      "id": "84d98c93-ec96-441a-bf6d-38f91a75a553",
      "label": "Get Events",
      "environment": "HOSTED",
      "presentation": "{\"w\":60,\"x\":72,\"h\":60,\"y\":-61}",
      "step": "f36cf6ba-2225-5cb3-831f-030a05527c72",
      "stepType": "SCRIPT_STEP",
      "inputMappings": [
        {
          "inputPort": "input",
          "mapping": "ACTIVE",
          "stepInput": "fa86536b-3508-56de-884b-503596bd64c2"
        },
        {
          "inputPort": "input",
          "mapping": "alertname#en",
          "stepInput": "72cd05cc-dfe2-5933-b85c-edcf1df9f56f"
        },
        {
          "inputPort": "input",
          "mapping": "${3aa3fb82-dab6-44ec-9e5e-3ea63a827e0b.alertname}",
          "stepInput": "b58893a5-ffaf-502d-982b-613dcd7b2232"
        },
        {
          "inputPort": "input",
          "mapping": "FALSE",
          "stepInput": "3bb89cc9-b89f-5291-9c54-1da7bc6c051a"
        }
      ]
    },
    {
      "id": "3aa3fb82-dab6-44ec-9e5e-3ea63a827e0b",
      "label": "New Alert - Prometheus - Inbound from Alertmanager",
      "environment": "HOSTED",
      "presentation": "{\"w\":60,\"x\":-256,\"h\":60,\"y\":-361}",
      "step": "092b6c6e-39ef-4964-b49b-08ead36d3489",
      "stepType": "INTEGRATION"
    },
    {
      "id": "c753eb24-a871-48f7-b8d7-b49b60c29d92",
      "endpoint": "Alert Manager",
      "label": "Prometheus - Create Silence",
      "environment": "ONPREMISE",
      "presentation": "{\"w\":60,\"x\":-429,\"h\":60,\"y\":107}",
      "step": "7b8e8eb7-2ff3-4452-86ac-87dd0156440f",
      "stepType": "SCRIPT_STEP",
      "inputMappings": [
        {
          "inputPort": "input",
          "mapping": "${event.properties.alertname}",
          "stepInput": "c621d399-1f64-465c-974c-727521add912"
        },
        {
          "inputPort": "input",
          "mapping": "30",
          "stepInput": "e060887b-66d6-4a91-9de6-62885b5179cb"
        },
        {
          "inputPort": "input",
          "mapping": "xMatters",
          "stepInput": "0ae14bf5-e950-407f-b2a2-0b082ec1d965"
        },
        {
          "inputPort": "input",
          "mapping": "${triggerOutputRESPONSE.respondedTo.by.targetName}",
          "stepInput": "7678913b-ec8c-41e5-9f7d-b7eba75bedad"
        }
      ]
    },
    {
      "id": "ec71d96a-a86a-4dc2-aa7a-0d1ba6270093",
      "endpoint": "Alert Manager",
      "label": "Prometheus - Delete Silence",
      "environment": "ONPREMISE",
      "presentation": "{\"w\":60,\"x\":-431,\"h\":60,\"y\":263}",
      "step": "4af866a5-c09b-48ae-bfb3-393179dd0e6b",
      "stepType": "SCRIPT_STEP",
      "inputMappings": [
        {
          "inputPort": "input",
          "mapping": "${event.properties.alertname}",
          "stepInput": "616912b6-dd59-4a69-a558-d848a429bf5d"
        }
      ]
    },
    {
      "id": "6571983a-afef-4200-b1d8-6ab74ebf2b86",
      "label": "Responses",
      "environment": "HOSTED",
      "presentation": "{\"w\":100,\"x\":-613,\"h\":50,\"y\":-360}",
      "stepType": "RESPONSES"
    },
    {
      "id": "e1f80c5a-c5dd-4dc0-96ed-59c51b7a27d7",
      "label": "Switch",
      "environment": "HOSTED",
      "presentation": "{\"w\":60,\"x\":242,\"h\":60,\"y\":-46}",
      "stepType": "SWITCH",
      "inputMappings": [
        {
          "inputPort": "input",
          "mapping": "${84d98c93-ec96-441a-bf6d-38f91a75a553.Total Event Count}"
        }
      ],
      "switchCases": [
        {
          "caseId": "9e43fd68-5b95-4ca2-9c18-ce22d5462e3f",
          "caseValue": "0"
        }
      ]
    },
    {
      "id": "5743009f-e20e-4a4b-aee7-5b56e6c85968",
      "label": "Switch",
      "environment": "HOSTED",
      "presentation": "{\"w\":60,\"x\":-89,\"h\":60,\"y\":-346}",
      "stepType": "SWITCH",
      "inputMappings": [
        {
          "inputPort": "input",
          "mapping": "${3aa3fb82-dab6-44ec-9e5e-3ea63a827e0b.status}"
        }
      ],
      "switchCases": [
        {
          "caseId": "e47f3b4e-cb9d-4f8a-aa94-70ffc0f59775",
          "caseValue": "firing"
        },
        {
          "caseId": "901a3c45-4a84-4722-b3e5-d45a075a5809",
          "caseValue": "resolved"
        }
      ]
    },
    {
      "id": "4b8dbdcf-9a5d-45d3-87ef-47d962700941",
      "label": "Terminate Events",
      "environment": "HOSTED",
      "presentation": "{\"w\":60,\"x\":428,\"h\":60,\"y\":239}",
      "step": "798e3053-b4b4-5e8c-ba84-8a11c3be6237",
      "stepType": "SCRIPT_STEP",
      "inputMappings": [
        {
          "inputPort": "input",
          "mapping": "${84d98c93-ec96-441a-bf6d-38f91a75a553.Event IDs}",
          "stepInput": "4fdf2591-4925-5682-8911-f0163d7f98dd"
        }
      ]
    },
    {
      "id": "dfd135f8-6f3d-49e3-bbfa-35d9ecc94eab",
      "label": "xMatters Create Event - New Alert",
      "environment": "HOSTED",
      "presentation": "{\"w\":60,\"x\":71,\"h\":60,\"y\":-212}",
      "step": "427243c9-2b80-4d3a-b440-47d9c0c27983",
      "stepType": "CREATE_EVENT",
      "inputMappings": [
        {
          "inputPort": "input",
          "mapping": "${3aa3fb82-dab6-44ec-9e5e-3ea63a827e0b.prometheusURL}",
          "sectionItemKey": "cda81dee-5793-479e-8008-4f39a19ec0fb"
        },
        {
          "inputPort": "input",
          "mapping": "alertname = ${3aa3fb82-dab6-44ec-9e5e-3ea63a827e0b.alertname}\ngroup = ${3aa3fb82-dab6-44ec-9e5e-3ea63a827e0b.group}\ninstance = ${3aa3fb82-dab6-44ec-9e5e-3ea63a827e0b.instance}\njob = ${3aa3fb82-dab6-44ec-9e5e-3ea63a827e0b.job}\nmonitor = ${3aa3fb82-dab6-44ec-9e5e-3ea63a827e0b.monitor}\nservice = ${3aa3fb82-dab6-44ec-9e5e-3ea63a827e0b.service}\nseverity = ${3aa3fb82-dab6-44ec-9e5e-3ea63a827e0b.severity}",
          "sectionItemKey": "f2c21315-7543-49f2-ba55-56e68e808453"
        },
        {
          "inputPort": "input",
          "mapping": "${3aa3fb82-dab6-44ec-9e5e-3ea63a827e0b.alertname}",
          "sectionItemKey": "dfd6145c-078f-44f2-ac01-cf6028216dff"
        },
        {
          "inputPort": "input",
          "mapping": "${3aa3fb82-dab6-44ec-9e5e-3ea63a827e0b.alertmanagerURL}",
          "sectionItemKey": "5af12c44-6120-4a7f-a938-380521a3ec2a"
        },
        {
          "inputPort": "input",
          "mapping": "${3aa3fb82-dab6-44ec-9e5e-3ea63a827e0b.recipient}",
          "sectionItemKey": "recipients"
        },
        {
          "inputPort": "input",
          "mapping": "${3aa3fb82-dab6-44ec-9e5e-3ea63a827e0b.receiver}",
          "sectionItemKey": "fd90ba96-f39c-401b-8c3a-1730e6d5672c"
        },
        {
          "inputPort": "input",
          "mapping": "${3aa3fb82-dab6-44ec-9e5e-3ea63a827e0b.alertname}",
          "sectionItemKey": "ea94bb5a-e64e-4557-a15a-a8afc3f3072b"
        },
        {
          "inputPort": "input",
          "mapping": "${3aa3fb82-dab6-44ec-9e5e-3ea63a827e0b.annotation}",
          "sectionItemKey": "fb7a70bf-fd3d-4c07-95d2-3929dca471ca"
        },
        {
          "inputPort": "input",
          "mapping": "${3aa3fb82-dab6-44ec-9e5e-3ea63a827e0b.alertname} - [${3aa3fb82-dab6-44ec-9e5e-3ea63a827e0b.status}: ${3aa3fb82-dab6-44ec-9e5e-3ea63a827e0b.num_alerts}]",
          "sectionItemKey": "53224f40-d37a-453c-b4e7-de87b8577c8f"
        },
        {
          "inputPort": "input",
          "mapping": "alertname = ${3aa3fb82-dab6-44ec-9e5e-3ea63a827e0b.alertname}",
          "sectionItemKey": "f16639f7-e7be-4e2b-8162-52e5b2838b8e"
        },
        {
          "inputPort": "input",
          "mapping": "${3aa3fb82-dab6-44ec-9e5e-3ea63a827e0b.num_alerts}",
          "sectionItemKey": "eb0ffa63-8b43-4c4e-aff0-a73f5edf2c37"
        },
        {
          "inputPort": "input",
          "mapping": "[${3aa3fb82-dab6-44ec-9e5e-3ea63a827e0b.status}: ${3aa3fb82-dab6-44ec-9e5e-3ea63a827e0b.num_alerts}] ${3aa3fb82-dab6-44ec-9e5e-3ea63a827e0b.alertname}",
          "sectionItemKey": "8d3c7142-5a3b-4735-8b2c-78ec45a9455b"
        }
      ]
    }
  ],
  "edges": [
    {
      "fromBlock": "84d98c93-ec96-441a-bf6d-38f91a75a553",
      "fromPort": "output",
      "toBlock": "e1f80c5a-c5dd-4dc0-96ed-59c51b7a27d7",
      "toPort": "input"
    },
    {
      "fromBlock": "b5564007-54f3-42af-b845-d26de38c75c8",
      "fromPort": "output",
      "toBlock": "c753eb24-a871-48f7-b8d7-b49b60c29d92",
      "toPort": "input"
    },
    {
      "fromBlock": "e1f80c5a-c5dd-4dc0-96ed-59c51b7a27d7",
      "fromPort": "output",
      "toBlock": "4b8dbdcf-9a5d-45d3-87ef-47d962700941",
      "toPort": "input"
    },
    {
      "fromBlock": "0200e62e-1c3a-448e-80e2-e193a273934c",
      "fromPort": "output",
      "toBlock": "ec71d96a-a86a-4dc2-aa7a-0d1ba6270093",
      "toPort": "input"
    },
    {
      "fromBlock": "3aa3fb82-dab6-44ec-9e5e-3ea63a827e0b",
      "fromPort": "output",
      "toBlock": "5743009f-e20e-4a4b-aee7-5b56e6c85968",
      "toPort": "input"
    },
    {
      "fromBlock": "5743009f-e20e-4a4b-aee7-5b56e6c85968",
      "fromPort": "901a3c45-4a84-4722-b3e5-d45a075a5809",
      "toBlock": "84d98c93-ec96-441a-bf6d-38f91a75a553",
      "toPort": "input"
    },
    {
      "fromBlock": "5743009f-e20e-4a4b-aee7-5b56e6c85968",
      "fromPort": "e47f3b4e-cb9d-4f8a-aa94-70ffc0f59775",
      "toBlock": "dfd135f8-6f3d-49e3-bbfa-35d9ecc94eab",
      "toPort": "input"
    }
  ]
}