{
  "name": "New Alert",
  "form": "736b5f40-3360-485a-a92a-c34074e2f1d8",
  "blocks": [
    {
      "id": "257993c1-87a7-4a6f-9047-193b4ebcd9c8",
      "label": "Acknowledge",
      "environment": "HOSTED",
      "presentation": "{}",
      "step": "c257db3b-3bb5-4ce7-817a-888cea0cec3b",
      "stepType": "INTEGRATION"
    },
    {
      "id": "4ad6c159-74f5-4cb6-a778-13934964409c",
      "label": "Create Silence",
      "environment": "HOSTED",
      "presentation": "{}",
      "step": "e41205c0-962c-485a-b416-0eba7e37f256",
      "stepType": "INTEGRATION"
    },
    {
      "id": "4e76b4e4-fd66-4e59-9790-51cece718539",
      "label": "Delete Silence",
      "environment": "HOSTED",
      "presentation": "{}",
      "step": "b94f4e04-fc62-46fb-aa66-f301133fcbaa",
      "stepType": "INTEGRATION"
    },
    {
      "id": "204e0fd3-0c57-4f26-a885-9ac8cf0931fd",
      "label": "Escalate",
      "environment": "HOSTED",
      "presentation": "{}",
      "step": "9a4bf371-a043-4deb-89ed-ef3cc761be93",
      "stepType": "INTEGRATION"
    },
    {
      "id": "bf45d6b2-2726-4190-adfd-eabf554d245f",
      "label": "Get Events",
      "environment": "HOSTED",
      "presentation": "{\"w\":60,\"x\":72,\"h\":60,\"y\":-61}",
      "step": "f36cf6ba-2225-5cb3-831f-030a05527c72",
      "stepType": "SCRIPT_STEP",
      "inputMappings": [
        {
          "inputPort": "input",
          "mapping": "ACTIVE",
          "stepInput": "fa86536b-3508-56de-884b-503596bd64c2"
        },
        {
          "inputPort": "input",
          "mapping": "alertname#en",
          "stepInput": "72cd05cc-dfe2-5933-b85c-edcf1df9f56f"
        },
        {
          "inputPort": "input",
          "mapping": "${20d18680-34a0-49e9-b249-c370225dcfbc.alertname}",
          "stepInput": "b58893a5-ffaf-502d-982b-613dcd7b2232"
        },
        {
          "inputPort": "input",
          "mapping": "FALSE",
          "stepInput": "3bb89cc9-b89f-5291-9c54-1da7bc6c051a"
        }
      ]
    },
    {
      "id": "20d18680-34a0-49e9-b249-c370225dcfbc",
      "label": "New Alert - Prometheus - Inbound from Alertmanager",
      "environment": "HOSTED",
      "presentation": "{\"w\":60,\"x\":-256,\"h\":60,\"y\":-361}",
      "step": "36191abb-035c-448c-ab24-2bbe965c6618",
      "stepType": "INTEGRATION"
    },
    {
      "id": "cedbcc9c-c6c1-4165-8816-cae298ce4eb5",
      "endpoint": "Alert Manager",
      "label": "Prometheus - Create Silence",
      "environment": "ONPREMISE",
      "presentation": "{\"w\":60,\"x\":-429,\"h\":60,\"y\":107}",
      "step": "ae9c998d-ada2-4b76-a87e-ac67f1780f0d",
      "stepType": "SCRIPT_STEP",
      "inputMappings": [
        {
          "inputPort": "input",
          "mapping": "${event.properties.alertname}",
          "stepInput": "9c819ee0-69c4-47bb-ad04-640a547d6693"
        },
        {
          "inputPort": "input",
          "mapping": "30",
          "stepInput": "f276bf85-3642-467a-aba0-a08565cab948"
        },
        {
          "inputPort": "input",
          "mapping": "xMatters",
          "stepInput": "4ca2bf84-e77a-41bc-b2ed-fe3b9923039b"
        },
        {
          "inputPort": "input",
          "mapping": "${triggerOutputRESPONSE.respondedTo.by.targetName}",
          "stepInput": "dc610e67-d93c-48a9-b8c8-40f1d30f621a"
        }
      ]
    },
    {
      "id": "61e9033c-35ee-4215-a6a1-a391fdae05c0",
      "endpoint": "Alert Manager",
      "label": "Prometheus - Delete Silence",
      "environment": "ONPREMISE",
      "presentation": "{\"w\":60,\"x\":-431,\"h\":60,\"y\":263}",
      "step": "798838ef-c06f-4e0d-8239-25abbba5a7ff",
      "stepType": "SCRIPT_STEP",
      "inputMappings": [
        {
          "inputPort": "input",
          "mapping": "${event.properties.alertname}",
          "stepInput": "5ddc051e-dc09-4247-af5e-15c1cf66c610"
        }
      ]
    },
    {
      "id": "76018b01-6cdf-4828-a81d-f370ef5e1091",
      "label": "Responses",
      "environment": "HOSTED",
      "presentation": "{\"w\":100,\"x\":-613,\"h\":50,\"y\":-360}",
      "stepType": "RESPONSES"
    },
    {
      "id": "16473e1b-d024-42a5-907f-2e779e032979",
      "label": "Switch",
      "environment": "HOSTED",
      "presentation": "{\"w\":60,\"x\":-89,\"h\":60,\"y\":-346}",
      "stepType": "SWITCH",
      "inputMappings": [
        {
          "inputPort": "input",
          "mapping": "${20d18680-34a0-49e9-b249-c370225dcfbc.aggregatedStatus}"
        }
      ],
      "switchCases": [
        {
          "caseId": "7e8f28c5-74b4-476d-bb0b-252bb28adc6c",
          "caseValue": "firing"
        },
        {
          "caseId": "92f8817d-d3a0-479b-a87e-036bbb4a8fca",
          "caseValue": "resolved"
        }
      ]
    },
    {
      "id": "3c14930b-5e1a-4f57-8b1c-4621a5ae2547",
      "label": "Switch",
      "environment": "HOSTED",
      "presentation": "{\"w\":60,\"x\":242,\"h\":60,\"y\":-46}",
      "stepType": "SWITCH",
      "inputMappings": [
        {
          "inputPort": "input",
          "mapping": "${bf45d6b2-2726-4190-adfd-eabf554d245f.Total Event Count}"
        }
      ],
      "switchCases": [
        {
          "caseId": "f625defe-2d27-455c-b205-05f6677a9359",
          "caseValue": "0"
        }
      ]
    },
    {
      "id": "7db1ecfb-8947-4337-8653-544b7c2f6fcd",
      "label": "Terminate Events",
      "environment": "HOSTED",
      "presentation": "{\"w\":60,\"x\":428,\"h\":60,\"y\":239}",
      "step": "798e3053-b4b4-5e8c-ba84-8a11c3be6237",
      "stepType": "SCRIPT_STEP",
      "inputMappings": [
        {
          "inputPort": "input",
          "mapping": "${bf45d6b2-2726-4190-adfd-eabf554d245f.Event IDs}",
          "stepInput": "4fdf2591-4925-5682-8911-f0163d7f98dd"
        }
      ]
    },
    {
      "id": "4d1b2bfe-2e1e-4f0c-9ba2-a6e5e8718f01",
      "label": "xMatters Create Event - New Alert",
      "environment": "HOSTED",
      "presentation": "{\"w\":60,\"x\":71,\"h\":60,\"y\":-212}",
      "step": "736b5f40-3360-485a-a92a-c34074e2f1d8",
      "stepType": "CREATE_EVENT",
      "inputMappings": [
        {
          "inputPort": "input",
          "mapping": "${20d18680-34a0-49e9-b249-c370225dcfbc.recipient}",
          "sectionItemKey": "recipients"
        },
        {
          "inputPort": "input",
          "mapping": "${20d18680-34a0-49e9-b249-c370225dcfbc.alertname}",
          "sectionItemKey": "47ce8852-b08d-4c2e-bc49-0b80140fcbf1"
        },
        {
          "inputPort": "input",
          "mapping": "${20d18680-34a0-49e9-b249-c370225dcfbc.alertname} - [${20d18680-34a0-49e9-b249-c370225dcfbc.status}: ${20d18680-34a0-49e9-b249-c370225dcfbc.num_alerts}]",
          "sectionItemKey": "7c29fb8d-6201-4332-a9bc-47a95c6bfbb5"
        },
        {
          "inputPort": "input",
          "mapping": "${20d18680-34a0-49e9-b249-c370225dcfbc.prometheusURL}",
          "sectionItemKey": "812ff3b5-de95-47b7-a23e-dce9cf164f6f"
        },
        {
          "inputPort": "input",
          "mapping": "${20d18680-34a0-49e9-b249-c370225dcfbc.alertname}",
          "sectionItemKey": "1cde8a2f-ef8e-4e5d-bf7b-cb14502f5711"
        },
        {
          "inputPort": "input",
          "mapping": "[${20d18680-34a0-49e9-b249-c370225dcfbc.status}: ${20d18680-34a0-49e9-b249-c370225dcfbc.num_alerts}] ${20d18680-34a0-49e9-b249-c370225dcfbc.alertname}",
          "sectionItemKey": "4533fe0f-f75a-434d-9f49-009e677880a3"
        },
        {
          "inputPort": "input",
          "mapping": "${20d18680-34a0-49e9-b249-c370225dcfbc.num_alerts}",
          "sectionItemKey": "f5fe5418-0430-4755-85dc-19859c16739b"
        },
        {
          "inputPort": "input",
          "mapping": "${20d18680-34a0-49e9-b249-c370225dcfbc.receiver}",
          "sectionItemKey": "cb8cb4fa-435e-40bd-bc18-d352099e275a"
        },
        {
          "inputPort": "input",
          "mapping": "alertname = ${20d18680-34a0-49e9-b249-c370225dcfbc.alertname}",
          "sectionItemKey": "f208fce6-286c-4c5e-86ce-f3cf23cd3056"
        },
        {
          "inputPort": "input",
          "mapping": "${20d18680-34a0-49e9-b249-c370225dcfbc.annotation}",
          "sectionItemKey": "73deaf6d-2296-4e29-95a2-56492e6a9322"
        },
        {
          "inputPort": "input",
          "mapping": "${20d18680-34a0-49e9-b249-c370225dcfbc.alertmanagerURL}",
          "sectionItemKey": "33ad512b-2386-4154-842e-b12dd8278da3"
        },
        {
          "inputPort": "input",
          "mapping": "alertname = ${20d18680-34a0-49e9-b249-c370225dcfbc.alertname}\ngroup = ${20d18680-34a0-49e9-b249-c370225dcfbc.group}\ninstance = ${20d18680-34a0-49e9-b249-c370225dcfbc.instance}\njob = ${20d18680-34a0-49e9-b249-c370225dcfbc.job}\nmonitor = ${20d18680-34a0-49e9-b249-c370225dcfbc.monitor}\nservice = ${20d18680-34a0-49e9-b249-c370225dcfbc.service}\nseverity = ${20d18680-34a0-49e9-b249-c370225dcfbc.severity}",
          "sectionItemKey": "6267e00f-6408-4551-8e9b-cf40c709beb3"
        }
      ]
    }
  ],
  "edges": [
    {
      "fromBlock": "bf45d6b2-2726-4190-adfd-eabf554d245f",
      "fromPort": "output",
      "toBlock": "3c14930b-5e1a-4f57-8b1c-4621a5ae2547",
      "toPort": "input"
    },
    {
      "fromBlock": "16473e1b-d024-42a5-907f-2e779e032979",
      "fromPort": "92f8817d-d3a0-479b-a87e-036bbb4a8fca",
      "toBlock": "bf45d6b2-2726-4190-adfd-eabf554d245f",
      "toPort": "input"
    },
    {
      "fromBlock": "16473e1b-d024-42a5-907f-2e779e032979",
      "fromPort": "7e8f28c5-74b4-476d-bb0b-252bb28adc6c",
      "toBlock": "4d1b2bfe-2e1e-4f0c-9ba2-a6e5e8718f01",
      "toPort": "input"
    },
    {
      "fromBlock": "20d18680-34a0-49e9-b249-c370225dcfbc",
      "fromPort": "output",
      "toBlock": "16473e1b-d024-42a5-907f-2e779e032979",
      "toPort": "input"
    },
    {
      "fromBlock": "3c14930b-5e1a-4f57-8b1c-4621a5ae2547",
      "fromPort": "output",
      "toBlock": "7db1ecfb-8947-4337-8653-544b7c2f6fcd",
      "toPort": "input"
    },
    {
      "fromBlock": "4ad6c159-74f5-4cb6-a778-13934964409c",
      "fromPort": "output",
      "toBlock": "cedbcc9c-c6c1-4165-8816-cae298ce4eb5",
      "toPort": "input"
    },
    {
      "fromBlock": "4e76b4e4-fd66-4e59-9790-51cece718539",
      "fromPort": "output",
      "toBlock": "61e9033c-35ee-4215-a6a1-a391fdae05c0",
      "toPort": "input"
    }
  ]
}