{
  "name": "New Alert",
  "form": "6b5174d0-bc3e-49fd-96ef-9f100bac035d",
  "blocks": [
    {
      "id": "55858cee-4a9c-4ffa-b35a-9d2ca0a33d9e",
      "label": "Acknowledge",
      "environment": "HOSTED",
      "presentation": "{}",
      "step": "c2276446-bcfb-46ba-8567-dcfd95841a39",
      "stepType": "INTEGRATION"
    },
    {
      "id": "d385bfe6-e1d4-4b37-ac0e-1b6c8531a808",
      "label": "Create Silence",
      "environment": "HOSTED",
      "presentation": "{}",
      "step": "963ad5ef-7a43-4698-9e4e-0972c50a7705",
      "stepType": "INTEGRATION"
    },
    {
      "id": "39d56dcd-9996-47e4-8605-7eb439c8dc3a",
      "label": "Delete Silence",
      "environment": "HOSTED",
      "presentation": "{}",
      "step": "d6548893-1d5f-4ea3-ae33-0b9ed4dcdc92",
      "stepType": "INTEGRATION"
    },
    {
      "id": "4fd5a7f2-5449-4fec-b195-46a51429bc9f",
      "label": "Escalate",
      "environment": "HOSTED",
      "presentation": "{}",
      "step": "06b56fea-26a8-4a95-96c6-0191a533fed6",
      "stepType": "INTEGRATION"
    },
    {
      "id": "a51c4f57-4a79-4cc7-9826-78e9f98ed19f",
      "label": "New Alert - Prometheus - Inbound from Alertmanager",
      "environment": "HOSTED",
      "presentation": "{\"w\":60,\"x\":-256,\"h\":60,\"y\":-360}",
      "step": "e60bce7a-9509-4438-9d85-d9166b4cfb3d",
      "stepType": "INTEGRATION"
    },
    {
      "id": "6fa20a9f-f8ee-4166-8a86-43322cd09237",
      "label": "Prometheus - Create Silence",
      "environment": "HOSTED",
      "presentation": "{\"w\":60,\"x\":-389,\"h\":60,\"y\":-204}",
      "step": "77819608-4123-4030-b6f1-e62e29077387",
      "stepType": "SCRIPT_STEP",
      "inputMappings": [
        {
          "inputPort": "input",
          "mapping": "30",
          "stepInput": "7d951232-d5d8-46f9-84ca-cbcf1ec7fed8"
        },
        {
          "inputPort": "input",
          "mapping": "xMatters",
          "stepInput": "bf0aef2e-352e-4d77-a0c7-8acf3aadd013"
        }
      ]
    },
    {
      "id": "d484912c-caba-435d-89cf-292663891efd",
      "label": "Prometheus - Delete Silence",
      "environment": "HOSTED",
      "presentation": "{\"w\":60,\"x\":-391,\"h\":60,\"y\":-48}",
      "step": "f790d139-f2df-470e-bb7d-d7aabb6ad4f1",
      "stepType": "SCRIPT_STEP"
    },
    {
      "id": "f2ab4f22-0090-48e6-8839-390364997a8b",
      "label": "Responses",
      "environment": "HOSTED",
      "presentation": "{\"w\":100,\"x\":-613,\"h\":50,\"y\":-360}",
      "stepType": "RESPONSES"
    },
    {
      "id": "1a7417f0-78c3-4a12-a477-3a27c69b3ac6",
      "label": "xMatters Create Event - New Alert",
      "environment": "HOSTED",
      "presentation": "{\"w\":60,\"x\":-15,\"h\":60,\"y\":-360}",
      "step": "6b5174d0-bc3e-49fd-96ef-9f100bac035d",
      "stepType": "CREATE_EVENT",
      "inputMappings": [
        {
          "inputPort": "input",
          "mapping": "${a51c4f57-4a79-4cc7-9826-78e9f98ed19f.annotation}",
          "sectionItemKey": "ed2e8ee5-047c-4e1a-981d-52838751a6c2"
        },
        {
          "inputPort": "input",
          "mapping": "alertname = ${a51c4f57-4a79-4cc7-9826-78e9f98ed19f.alertname}\ngroup = ${a51c4f57-4a79-4cc7-9826-78e9f98ed19f.group}\ninstance = ${a51c4f57-4a79-4cc7-9826-78e9f98ed19f.instance}\njob = ${a51c4f57-4a79-4cc7-9826-78e9f98ed19f.job}\nmonitor = ${a51c4f57-4a79-4cc7-9826-78e9f98ed19f.monitor}\nservice = ${a51c4f57-4a79-4cc7-9826-78e9f98ed19f.service}\nseverity = ${a51c4f57-4a79-4cc7-9826-78e9f98ed19f.severity}",
          "sectionItemKey": "5749aa5e-1d12-4c32-a24c-e7671f47b5a8"
        },
        {
          "inputPort": "input",
          "mapping": "${a51c4f57-4a79-4cc7-9826-78e9f98ed19f.prometheusURL}",
          "sectionItemKey": "f6a7b1eb-05d5-4850-bded-73935f9cf83b"
        },
        {
          "inputPort": "input",
          "mapping": "alertname = ${a51c4f57-4a79-4cc7-9826-78e9f98ed19f.alertname}",
          "sectionItemKey": "1ffd9463-ea20-45a8-bdbb-46bcbda5ddd3"
        },
        {
          "inputPort": "input",
          "mapping": "${a51c4f57-4a79-4cc7-9826-78e9f98ed19f.alertmanagerURL}",
          "sectionItemKey": "52074010-6633-4124-8ce5-e857fb13b127"
        },
        {
          "inputPort": "input",
          "mapping": "${a51c4f57-4a79-4cc7-9826-78e9f98ed19f.alertname}",
          "sectionItemKey": "3e863557-4e5d-4aff-a483-c2019b7e9821"
        },
        {
          "inputPort": "input",
          "mapping": "${a51c4f57-4a79-4cc7-9826-78e9f98ed19f.num_alerts}",
          "sectionItemKey": "ad999df1-8834-419d-8229-be84d491bde3"
        },
        {
          "inputPort": "input",
          "mapping": "${a51c4f57-4a79-4cc7-9826-78e9f98ed19f.receiver}",
          "sectionItemKey": "ddf57761-0ec6-4703-acbe-cdcc7ed48a7f"
        },
        {
          "inputPort": "input",
          "mapping": "[${a51c4f57-4a79-4cc7-9826-78e9f98ed19f.status}: ${a51c4f57-4a79-4cc7-9826-78e9f98ed19f.num_alerts}] ${a51c4f57-4a79-4cc7-9826-78e9f98ed19f.alertname}",
          "sectionItemKey": "206272cb-ce61-4b3d-9474-5a183d4b68a4"
        }
      ]
    }
  ],
  "edges": [
    {
      "fromBlock": "a51c4f57-4a79-4cc7-9826-78e9f98ed19f",
      "fromPort": "output",
      "toBlock": "1a7417f0-78c3-4a12-a477-3a27c69b3ac6",
      "toPort": "input"
    },
    {
      "fromBlock": "d385bfe6-e1d4-4b37-ac0e-1b6c8531a808",
      "fromPort": "output",
      "toBlock": "6fa20a9f-f8ee-4166-8a86-43322cd09237",
      "toPort": "input"
    },
    {
      "fromBlock": "39d56dcd-9996-47e4-8605-7eb439c8dc3a",
      "fromPort": "output",
      "toBlock": "d484912c-caba-435d-89cf-292663891efd",
      "toPort": "input"
    }
  ]
}